run_id,condition,guidance_window,t_start,t_end,guidance_scale,seed,n_generated,classifier_mean_confidence,classifier_mean_loss,runtime_seconds,artifact_path,timestamp
baseline_seed1,baseline,none,0,0,0.0,1,1,8.089966030411233e-08,16.330055236816406,75.57627487182617,/kaggle/working/minority-guidance/results/baseline_seed1/samples_1x256x256x3.npz,2026-05-18T07:35:17.561297+00:00
full_seed1,minority-full,full,0,1000,0.5,1,1,4.276050276530441e-06,12.362480163574219,97.09176421165466,/kaggle/working/minority-guidance/results/full_seed1/samples_1x256x256x3.npz,2026-05-18T07:36:59.927333+00:00
early_seed1,minority-early,early,0,333,0.5,1,1,1.0381197768083439e-07,16.080684661865234,83.46362471580505,/kaggle/working/minority-guidance/results/early_seed1/samples_1x256x256x3.npz,2026-05-18T07:38:28.556681+00:00
mid_seed1,minority-mid,mid,333,667,0.5,1,1,1.1833500224156523e-07,15.949746131896973,82.7871401309967,/kaggle/working/minority-guidance/results/mid_seed1/samples_1x256x256x3.npz,2026-05-18T07:39:56.597844+00:00
late_seed1,minority-late,late,667,1000,0.5,1,1,2.0783714660410624e-07,15.386510848999023,82.86967420578003,/kaggle/working/minority-guidance/results/late_seed1/samples_1x256x256x3.npz,2026-05-18T07:41:24.661414+00:00
baseline_seed2,baseline,none,0,0,0.0,2,1,2.50300709012663e-05,10.59543228149414,76.21925258636475,/kaggle/working/minority-guidance/results/baseline_seed2/samples_1x256x256x3.npz,2026-05-18T07:42:46.214285+00:00
full_seed2,minority-full,full,0,1000,0.5,2,1,0.0020174095407128334,6.205941200256348,94.80337333679199,/kaggle/working/minority-guidance/results/full_seed2/samples_1x256x256x3.npz,2026-05-18T07:44:26.211265+00:00
early_seed2,minority-early,early,0,333,0.5,2,1,6.964778731344268e-05,9.572059631347656,82.82712459564209,/kaggle/working/minority-guidance/results/early_seed2/samples_1x256x256x3.npz,2026-05-18T07:45:54.173991+00:00
mid_seed2,minority-mid,mid,333,667,0.5,2,1,0.000354552932549268,7.944652557373047,82.59611296653748,/kaggle/working/minority-guidance/results/mid_seed2/samples_1x256x256x3.npz,2026-05-18T07:47:21.859768+00:00
late_seed2,minority-late,late,667,1000,0.5,2,1,0.0002529157791286707,8.282453536987305,82.73066520690918,/kaggle/working/minority-guidance/results/late_seed2/samples_1x256x256x3.npz,2026-05-18T07:48:49.585685+00:00
baseline_seed3,baseline,none,0,0,0.0,3,1,2.4817532562337874e-07,15.20913028717041,75.70011639595032,/kaggle/working/minority-guidance/results/baseline_seed3/samples_1x256x256x3.npz,2026-05-18T07:50:10.457550+00:00
full_seed3,minority-full,full,0,1000,0.5,3,1,7.704656127316412e-06,11.773685455322266,94.716313123703,/kaggle/working/minority-guidance/results/full_seed3/samples_1x256x256x3.npz,2026-05-18T07:51:50.163487+00:00
early_seed3,minority-early,early,0,333,0.5,3,1,3.8459799611700873e-07,14.771066665649414,82.66124391555786,/kaggle/working/minority-guidance/results/early_seed3/samples_1x256x256x3.npz,2026-05-18T07:53:17.799666+00:00
mid_seed3,minority-mid,mid,333,667,0.5,3,1,6.362227509271179e-07,14.267717361450195,82.64886713027954,/kaggle/working/minority-guidance/results/mid_seed3/samples_1x256x256x3.npz,2026-05-18T07:54:45.623662+00:00
late_seed3,minority-late,late,667,1000,0.5,3,1,1.2189697145004175e-06,13.617504119873047,82.6189341545105,/kaggle/working/minority-guidance/results/late_seed3/samples_1x256x256x3.npz,2026-05-18T07:56:13.170364+00:00
baseline_seed4,baseline,none,0,0,0.0,4,1,1.2268584725916298e-07,15.913639068603516,75.62166047096252,/kaggle/working/minority-guidance/results/baseline_seed4/samples_1x256x256x3.npz,2026-05-18T07:57:33.799308+00:00
full_seed4,minority-full,full,0,1000,0.5,4,1,2.6723714086074324e-07,15.135129928588867,94.5403413772583,/kaggle/working/minority-guidance/results/full_seed4/samples_1x256x256x3.npz,2026-05-18T07:59:13.385432+00:00
early_seed4,minority-early,early,0,333,0.5,4,1,1.3584205760253099e-07,15.811773300170898,82.37057209014893,/kaggle/working/minority-guidance/results/early_seed4/samples_1x256x256x3.npz,2026-05-18T08:00:40.792793+00:00
mid_seed4,minority-mid,mid,333,667,0.5,4,1,1.0635643832301866e-07,16.056468963623047,82.48351454734802,/kaggle/working/minority-guidance/results/mid_seed4/samples_1x256x256x3.npz,2026-05-18T08:02:08.301180+00:00
late_seed4,minority-late,late,667,1000,0.5,4,1,1.3215020544521394e-07,15.839326858520508,82.27130365371704,/kaggle/working/minority-guidance/results/late_seed4/samples_1x256x256x3.npz,2026-05-18T08:03:35.582294+00:00
baseline_seed5,baseline,none,0,0,0.0,5,1,0.0003527096414472908,7.949865341186523,75.78588843345642,/kaggle/working/minority-guidance/results/baseline_seed5/samples_1x256x256x3.npz,2026-05-18T08:04:56.408929+00:00
full_seed5,minority-full,full,0,1000,0.5,5,1,2.0651739305321826e-06,13.090295791625977,94.28451585769653,/kaggle/working/minority-guidance/results/full_seed5/samples_1x256x256x3.npz,2026-05-18T08:06:35.641921+00:00
early_seed5,minority-early,early,0,333,0.5,5,1,0.0005778976483270526,7.456113815307617,82.1365327835083,/kaggle/working/minority-guidance/results/early_seed5/samples_1x256x256x3.npz,2026-05-18T08:08:02.639946+00:00
mid_seed5,minority-mid,mid,333,667,0.5,5,1,0.0006299724336713552,7.3698344230651855,81.9827253818512,/kaggle/working/minority-guidance/results/mid_seed5/samples_1x256x256x3.npz,2026-05-18T08:09:29.415770+00:00
late_seed5,minority-late,late,667,1000,0.5,5,1,2.258608446936705e-06,13.000761985778809,81.66645169258118,/kaggle/working/minority-guidance/results/late_seed5/samples_1x256x256x3.npz,2026-05-18T08:10:56.049357+00:00
baseline_seed6,baseline,none,0,0,0.0,6,1,2.2029957108316012e-05,10.72310733795166,75.16849303245544,/kaggle/working/minority-guidance/results/baseline_seed6/samples_1x256x256x3.npz,2026-05-18T08:12:16.158671+00:00
full_seed6,minority-full,full,0,1000,0.5,6,1,0.0017811687430366874,6.3304853439331055,93.61640453338623,/kaggle/working/minority-guidance/results/full_seed6/samples_1x256x256x3.npz,2026-05-18T08:13:54.740873+00:00
early_seed6,minority-early,early,0,333,0.5,6,1,2.8206079150550067e-05,10.475973129272461,81.81862831115723,/kaggle/working/minority-guidance/results/early_seed6/samples_1x256x256x3.npz,2026-05-18T08:15:21.406056+00:00
mid_seed6,minority-mid,mid,333,667,0.5,6,1,2.3197304471977986e-05,10.67147445678711,82.16762566566467,/kaggle/working/minority-guidance/results/mid_seed6/samples_1x256x256x3.npz,2026-05-18T08:16:48.577826+00:00
late_seed6,minority-late,late,667,1000,0.5,6,1,0.0005730587872676551,7.464522361755371,81.98792505264282,/kaggle/working/minority-guidance/results/late_seed6/samples_1x256x256x3.npz,2026-05-18T08:18:15.620810+00:00
baseline_seed7,baseline,none,0,0,0.0,7,1,6.616700716222113e-07,14.228498458862305,75.42897701263428,/kaggle/working/minority-guidance/results/baseline_seed7/samples_1x256x256x3.npz,2026-05-18T08:19:35.974125+00:00
full_seed7,minority-full,full,0,1000,0.5,7,1,0.0022254923824220896,6.107777118682861,93.84866762161255,/kaggle/working/minority-guidance/results/full_seed7/samples_1x256x256x3.npz,2026-05-18T08:21:14.801049+00:00
early_seed7,minority-early,early,0,333,0.5,7,1,1.0295025276718661e-06,13.7864351272583,82.08101296424866,/kaggle/working/minority-guidance/results/early_seed7/samples_1x256x256x3.npz,2026-05-18T08:22:41.881285+00:00
mid_seed7,minority-mid,mid,333,667,0.5,7,1,1.9697068637469783e-05,10.835041046142578,82.03712725639343,/kaggle/working/minority-guidance/results/mid_seed7/samples_1x256x256x3.npz,2026-05-18T08:24:08.818818+00:00
late_seed7,minority-late,late,667,1000,0.5,7,1,2.5055189325939864e-05,10.594429016113281,81.70322322845459,/kaggle/working/minority-guidance/results/late_seed7/samples_1x256x256x3.npz,2026-05-18T08:25:35.433815+00:00
baseline_seed8,baseline,none,0,0,0.0,8,1,3.733830453711562e-06,12.498075485229492,75.20807933807373,/kaggle/working/minority-guidance/results/baseline_seed8/samples_1x256x256x3.npz,2026-05-18T08:26:55.558342+00:00
full_seed8,minority-full,full,0,1000,0.5,8,1,0.00022240537509787828,8.411008834838867,93.60544419288635,/kaggle/working/minority-guidance/results/full_seed8/samples_1x256x256x3.npz,2026-05-18T08:28:34.098562+00:00
early_seed8,minority-early,early,0,333,0.5,8,1,7.20686011845828e-06,11.840476989746094,82.47578597068787,/kaggle/working/minority-guidance/results/early_seed8/samples_1x256x256x3.npz,2026-05-18T08:30:01.410842+00:00
mid_seed8,minority-mid,mid,333,667,0.5,8,1,5.200278974371031e-05,9.864212989807129,82.04472160339355,/kaggle/working/minority-guidance/results/mid_seed8/samples_1x256x256x3.npz,2026-05-18T08:31:28.270776+00:00
late_seed8,minority-late,late,667,1000,0.5,8,1,1.9834287741105072e-05,10.82809829711914,81.74115204811096,/kaggle/working/minority-guidance/results/late_seed8/samples_1x256x256x3.npz,2026-05-18T08:32:54.894272+00:00
baseline_seed9,baseline,none,0,0,0.0,9,1,0.007228067610412836,4.929783821105957,75.08273029327393,/kaggle/working/minority-guidance/results/baseline_seed9/samples_1x256x256x3.npz,2026-05-18T08:34:14.857676+00:00
full_seed9,minority-full,full,0,1000,0.5,9,1,3.0837938538752496e-05,10.386764526367188,93.3711404800415,/kaggle/working/minority-guidance/results/full_seed9/samples_1x256x256x3.npz,2026-05-18T08:35:53.031991+00:00
early_seed9,minority-early,early,0,333,0.5,9,1,0.016160020604729652,4.125214576721191,81.59836792945862,/kaggle/working/minority-guidance/results/early_seed9/samples_1x256x256x3.npz,2026-05-18T08:37:19.522822+00:00
mid_seed9,minority-mid,mid,333,667,0.5,9,1,0.022263754159212112,3.804795265197754,81.92479109764099,/kaggle/working/minority-guidance/results/mid_seed9/samples_1x256x256x3.npz,2026-05-18T08:38:46.360774+00:00
late_seed9,minority-late,late,667,1000,0.5,9,1,9.443017006560694e-06,11.570235252380371,81.8440580368042,/kaggle/working/minority-guidance/results/late_seed9/samples_1x256x256x3.npz,2026-05-18T08:40:12.937789+00:00
baseline_seed10,baseline,none,0,0,0.0,10,1,3.5909732105210423e-05,10.234501838684082,75.02408146858215,/kaggle/working/minority-guidance/results/baseline_seed10/samples_1x256x256x3.npz,2026-05-18T08:41:32.850941+00:00
full_seed10,minority-full,full,0,1000,0.5,10,1,0.009006272070109844,4.709834098815918,94.07545590400696,/kaggle/working/minority-guidance/results/full_seed10/samples_1x256x256x3.npz,2026-05-18T08:43:11.781321+00:00
early_seed10,minority-early,early,0,333,0.5,10,1,6.943725020391867e-05,9.57508659362793,81.75125026702881,/kaggle/working/minority-guidance/results/early_seed10/samples_1x256x256x3.npz,2026-05-18T08:44:38.419959+00:00
mid_seed10,minority-mid,mid,333,667,0.5,10,1,0.00034198947832919657,7.9807305335998535,82.10771179199219,/kaggle/working/minority-guidance/results/mid_seed10/samples_1x256x256x3.npz,2026-05-18T08:46:05.425772+00:00
late_seed10,minority-late,late,667,1000,0.5,10,1,0.00015824548609089106,8.751362800598145,81.73194789886475,/kaggle/working/minority-guidance/results/late_seed10/samples_1x256x256x3.npz,2026-05-18T08:47:32.116773+00:00
baseline_seed11,baseline,none,0,0,0.0,11,1,1.064801836037077e-06,13.752721786499023,75.5292432308197,/kaggle/working/minority-guidance/results/baseline_seed11/samples_1x256x256x3.npz,2026-05-18T08:48:52.754514+00:00
full_seed11,minority-full,full,0,1000,0.5,11,1,7.240132163133239e-06,11.835870742797852,94.3911063671112,/kaggle/working/minority-guidance/results/full_seed11/samples_1x256x256x3.npz,2026-05-18T08:50:32.065437+00:00
early_seed11,minority-early,early,0,333,0.5,11,1,1.2648608844756382e-06,13.580548286437988,81.96159553527832,/kaggle/working/minority-guidance/results/early_seed11/samples_1x256x256x3.npz,2026-05-18T08:51:59.030259+00:00
mid_seed11,minority-mid,mid,333,667,0.5,11,1,9.298511827182665e-07,13.888240814208984,82.49769258499146,/kaggle/working/minority-guidance/results/mid_seed11/samples_1x256x256x3.npz,2026-05-18T08:53:26.448007+00:00
late_seed11,minority-late,late,667,1000,0.5,11,1,4.412945145304548e-06,12.330967903137207,81.94049572944641,/kaggle/working/minority-guidance/results/late_seed11/samples_1x256x256x3.npz,2026-05-18T08:54:53.282437+00:00
baseline_seed12,baseline,none,0,0,0.0,12,1,1.0466300182088162e-06,13.769935607910156,75.05104279518127,/kaggle/working/minority-guidance/results/baseline_seed12/samples_1x256x256x3.npz,2026-05-18T08:56:13.209101+00:00
full_seed12,minority-full,full,0,1000,0.5,12,1,5.279757147036435e-07,14.454216003417969,93.91541337966919,/kaggle/working/minority-guidance/results/full_seed12/samples_1x256x256x3.npz,2026-05-18T08:57:52.007340+00:00
early_seed12,minority-early,early,0,333,0.5,12,1,1.1101902828158927e-06,13.710979461669922,81.45148420333862,/kaggle/working/minority-guidance/results/early_seed12/samples_1x256x256x3.npz,2026-05-18T08:59:18.323594+00:00
mid_seed12,minority-mid,mid,333,667,0.5,12,1,7.89356761288218e-07,14.052047729492188,81.68737506866455,/kaggle/working/minority-guidance/results/mid_seed12/samples_1x256x256x3.npz,2026-05-18T09:00:44.938081+00:00
late_seed12,minority-late,late,667,1000,0.5,12,1,7.623169722137391e-07,14.08690357208252,81.76954293251038,/kaggle/working/minority-guidance/results/late_seed12/samples_1x256x256x3.npz,2026-05-18T09:02:11.513903+00:00
baseline_seed13,baseline,none,0,0,0.0,13,1,3.0285823982012516e-07,15.010001182556152,75.01579761505127,/kaggle/working/minority-guidance/results/baseline_seed13/samples_1x256x256x3.npz,2026-05-18T09:03:31.327979+00:00
full_seed13,minority-full,full,0,1000,0.5,13,1,1.1676986559905345e-06,13.660475730895996,93.69265580177307,/kaggle/working/minority-guidance/results/full_seed13/samples_1x256x256x3.npz,2026-05-18T09:05:09.874758+00:00
early_seed13,minority-early,early,0,333,0.5,13,1,3.379976476480806e-07,14.900226593017578,81.59244585037231,/kaggle/working/minority-guidance/results/early_seed13/samples_1x256x256x3.npz,2026-05-18T09:06:36.351308+00:00
mid_seed13,minority-mid,mid,333,667,0.5,13,1,3.557079253369011e-07,14.84915542602539,82.00280261039734,/kaggle/working/minority-guidance/results/mid_seed13/samples_1x256x256x3.npz,2026-05-18T09:08:03.212202+00:00
late_seed13,minority-late,late,667,1000,0.5,13,1,8.594986411480932e-07,13.966917037963867,81.88960123062134,/kaggle/working/minority-guidance/results/late_seed13/samples_1x256x256x3.npz,2026-05-18T09:09:29.957138+00:00
baseline_seed14,baseline,none,0,0,0.0,14,1,0.0004787022480741143,7.644432067871094,75.16325902938843,/kaggle/working/minority-guidance/results/baseline_seed14/samples_1x256x256x3.npz,2026-05-18T09:10:49.929448+00:00
full_seed14,minority-full,full,0,1000,0.5,14,1,0.0004764746699947864,7.6490960121154785,93.40070533752441,/kaggle/working/minority-guidance/results/full_seed14/samples_1x256x256x3.npz,2026-05-18T09:12:28.255955+00:00
early_seed14,minority-early,early,0,333,0.5,14,1,0.0015722806565463543,6.455227851867676,81.77968764305115,/kaggle/working/minority-guidance/results/early_seed14/samples_1x256x256x3.npz,2026-05-18T09:13:54.881681+00:00
mid_seed14,minority-mid,mid,333,667,0.5,14,1,0.0005518386606127024,7.502254486083984,81.70677089691162,/kaggle/working/minority-guidance/results/mid_seed14/samples_1x256x256x3.npz,2026-05-18T09:15:21.425160+00:00
late_seed14,minority-late,late,667,1000,0.5,14,1,5.560757563216612e-05,9.797191619873047,81.71856904029846,/kaggle/working/minority-guidance/results/late_seed14/samples_1x256x256x3.npz,2026-05-18T09:16:48.094676+00:00
baseline_seed15,baseline,none,0,0,0.0,15,1,1.5987704955477966e-06,13.346275329589844,75.35301804542542,/kaggle/working/minority-guidance/results/baseline_seed15/samples_1x256x256x3.npz,2026-05-18T09:18:08.443608+00:00
full_seed15,minority-full,full,0,1000,0.5,15,1,2.438397496007383e-05,10.621583938598633,93.82479000091553,/kaggle/working/minority-guidance/results/full_seed15/samples_1x256x256x3.npz,2026-05-18T09:19:47.200441+00:00
early_seed15,minority-early,early,0,333,0.5,15,1,1.685460347289336e-06,13.293472290039062,81.7216968536377,/kaggle/working/minority-guidance/results/early_seed15/samples_1x256x256x3.npz,2026-05-18T09:21:13.701001+00:00
mid_seed15,minority-mid,mid,333,667,0.5,15,1,5.240161954134237e-06,12.159157752990723,81.83153080940247,/kaggle/working/minority-guidance/results/mid_seed15/samples_1x256x256x3.npz,2026-05-18T09:22:40.386306+00:00
late_seed15,minority-late,late,667,1000,0.5,15,1,2.2238698420551373e-06,13.01626205444336,81.86367845535278,/kaggle/working/minority-guidance/results/late_seed15/samples_1x256x256x3.npz,2026-05-18T09:24:07.130993+00:00
baseline_seed16,baseline,none,0,0,0.0,16,1,8.778694109423668e-07,13.945768356323242,75.0352463722229,/kaggle/working/minority-guidance/results/baseline_seed16/samples_1x256x256x3.npz,2026-05-18T09:25:27.067712+00:00
full_seed16,minority-full,full,0,1000,0.5,16,1,3.173616391904943e-07,14.963224411010742,93.39158058166504,/kaggle/working/minority-guidance/results/full_seed16/samples_1x256x256x3.npz,2026-05-18T09:27:05.248744+00:00
early_seed16,minority-early,early,0,333,0.5,16,1,1.0959687415379449e-06,13.723872184753418,81.57781600952148,/kaggle/working/minority-guidance/results/early_seed16/samples_1x256x256x3.npz,2026-05-18T09:28:31.717292+00:00
mid_seed16,minority-mid,mid,333,667,0.5,16,1,7.099392405507388e-06,11.855501174926758,82.1014039516449,/kaggle/working/minority-guidance/results/mid_seed16/samples_1x256x256x3.npz,2026-05-18T09:29:58.773766+00:00
late_seed16,minority-late,late,667,1000,0.5,16,1,3.262697134687187e-07,14.935541152954102,82.04668593406677,/kaggle/working/minority-guidance/results/late_seed16/samples_1x256x256x3.npz,2026-05-18T09:31:25.712457+00:00
baseline_seed17,baseline,none,0,0,0.0,17,1,4.305594302422833e-06,12.355595588684082,75.46490550041199,/kaggle/working/minority-guidance/results/baseline_seed17/samples_1x256x256x3.npz,2026-05-18T09:32:46.048789+00:00
full_seed17,minority-full,full,0,1000,0.5,17,1,6.370364076246915e-07,14.266439437866211,93.58954381942749,/kaggle/working/minority-guidance/results/full_seed17/samples_1x256x256x3.npz,2026-05-18T09:34:24.568215+00:00
early_seed17,minority-early,early,0,333,0.5,17,1,4.544731837086147e-06,12.301542282104492,81.67857527732849,/kaggle/working/minority-guidance/results/early_seed17/samples_1x256x256x3.npz,2026-05-18T09:35:51.086849+00:00
mid_seed17,minority-mid,mid,333,667,0.5,17,1,3.348782229295466e-06,12.606913566589355,81.79739880561829,/kaggle/working/minority-guidance/results/mid_seed17/samples_1x256x256x3.npz,2026-05-18T09:37:17.698451+00:00
late_seed17,minority-late,late,667,1000,0.5,17,1,5.477493800754019e-07,14.417448043823242,81.5092146396637,/kaggle/working/minority-guidance/results/late_seed17/samples_1x256x256x3.npz,2026-05-18T09:38:44.052732+00:00
baseline_seed18,baseline,none,0,0,0.0,18,1,2.6181844077655114e-05,10.550444602966309,75.14003682136536,/kaggle/working/minority-guidance/results/baseline_seed18/samples_1x256x256x3.npz,2026-05-18T09:40:04.144714+00:00
full_seed18,minority-full,full,0,1000,0.5,18,1,2.536321289881016e-06,12.884796142578125,93.60550165176392,/kaggle/working/minority-guidance/results/full_seed18/samples_1x256x256x3.npz,2026-05-18T09:41:42.694739+00:00
early_seed18,minority-early,early,0,333,0.5,18,1,5.539643098018132e-05,9.800994873046875,82.06712198257446,/kaggle/working/minority-guidance/results/early_seed18/samples_1x256x256x3.npz,2026-05-18T09:43:09.561518+00:00
mid_seed18,minority-mid,mid,333,667,0.5,18,1,0.00023327879898715764,8.363276481628418,81.68381142616272,/kaggle/working/minority-guidance/results/mid_seed18/samples_1x256x256x3.npz,2026-05-18T09:44:36.085115+00:00
late_seed18,minority-late,late,667,1000,0.5,18,1,5.520888066712359e-07,14.409557342529297,81.7508795261383,/kaggle/working/minority-guidance/results/late_seed18/samples_1x256x256x3.npz,2026-05-18T09:46:02.671575+00:00
baseline_seed19,baseline,none,0,0,0.0,19,1,5.004181730328128e-06,12.205236434936523,75.14429020881653,/kaggle/working/minority-guidance/results/baseline_seed19/samples_1x256x256x3.npz,2026-05-18T09:47:22.638581+00:00
full_seed19,minority-full,full,0,1000,0.5,19,1,0.0001641131821088493,8.714954376220703,93.22000288963318,/kaggle/working/minority-guidance/results/full_seed19/samples_1x256x256x3.npz,2026-05-18T09:49:00.621694+00:00
early_seed19,minority-early,early,0,333,0.5,19,1,6.172885150590446e-06,11.995344161987305,81.55285429954529,/kaggle/working/minority-guidance/results/early_seed19/samples_1x256x256x3.npz,2026-05-18T09:50:26.941263+00:00
mid_seed19,minority-mid,mid,333,667,0.5,19,1,7.572920731035993e-05,9.488346099853516,81.55954623222351,/kaggle/working/minority-guidance/results/mid_seed19/samples_1x256x256x3.npz,2026-05-18T09:51:53.230343+00:00
late_seed19,minority-late,late,667,1000,0.5,19,1,0.00010722752631409094,9.140557289123535,81.35266137123108,/kaggle/working/minority-guidance/results/late_seed19/samples_1x256x256x3.npz,2026-05-18T09:53:19.350124+00:00
baseline_seed20,baseline,none,0,0,0.0,20,1,2.0704985104202933e-07,15.39030647277832,74.96563959121704,/kaggle/working/minority-guidance/results/baseline_seed20/samples_1x256x256x3.npz,2026-05-18T09:54:39.103645+00:00
full_seed20,minority-full,full,0,1000,0.5,20,1,7.183375601016451e-07,14.146326065063477,93.79133772850037,/kaggle/working/minority-guidance/results/full_seed20/samples_1x256x256x3.npz,2026-05-18T09:56:17.796298+00:00
early_seed20,minority-early,early,0,333,0.5,20,1,2.4639388129799045e-07,15.216334342956543,81.8796694278717,/kaggle/working/minority-guidance/results/early_seed20/samples_1x256x256x3.npz,2026-05-18T09:57:44.564945+00:00
mid_seed20,minority-mid,mid,333,667,0.5,20,1,1.530978437358499e-07,15.692188262939453,81.84188389778137,/kaggle/working/minority-guidance/results/mid_seed20/samples_1x256x256x3.npz,2026-05-18T09:59:11.246185+00:00
late_seed20,minority-late,late,667,1000,0.5,20,1,1.4907317336110282e-06,13.416243553161621,81.68719696998596,/kaggle/working/minority-guidance/results/late_seed20/samples_1x256x256x3.npz,2026-05-18T10:00:37.773287+00:00
baseline_seed21,baseline,none,0,0,0.0,21,1,5.57220664632041e-06,12.097719192504883,75.10986971855164,/kaggle/working/minority-guidance/results/baseline_seed21/samples_1x256x256x3.npz,2026-05-18T10:01:57.689339+00:00
full_seed21,minority-full,full,0,1000,0.5,21,1,1.6785679690656252e-05,10.99498462677002,93.23144459724426,/kaggle/working/minority-guidance/results/full_seed21/samples_1x256x256x3.npz,2026-05-18T10:03:35.780735+00:00
early_seed21,minority-early,early,0,333,0.5,21,1,6.1898408603155985e-06,11.99260139465332,81.40530943870544,/kaggle/working/minority-guidance/results/early_seed21/samples_1x256x256x3.npz,2026-05-18T10:05:02.113234+00:00
mid_seed21,minority-mid,mid,333,667,0.5,21,1,4.603056368068792e-06,12.288789749145508,81.75770878791809,/kaggle/working/minority-guidance/results/mid_seed21/samples_1x256x256x3.npz,2026-05-18T10:06:28.687557+00:00
late_seed21,minority-late,late,667,1000,0.5,21,1,1.0281417416990735e-05,11.485172271728516,81.86138033866882,/kaggle/working/minority-guidance/results/late_seed21/samples_1x256x256x3.npz,2026-05-18T10:07:55.419545+00:00
baseline_seed22,baseline,none,0,0,0.0,22,1,6.706673048029188e-06,11.912407875061035,75.01691317558289,/kaggle/working/minority-guidance/results/baseline_seed22/samples_1x256x256x3.npz,2026-05-18T10:09:15.261822+00:00
full_seed22,minority-full,full,0,1000,0.5,22,1,5.131157013238408e-05,9.877593994140625,93.37217330932617,/kaggle/working/minority-guidance/results/full_seed22/samples_1x256x256x3.npz,2026-05-18T10:10:53.599472+00:00
early_seed22,minority-early,early,0,333,0.5,22,1,8.801531294011511e-06,11.640584945678711,83.01130151748657,/kaggle/working/minority-guidance/results/early_seed22/samples_1x256x256x3.npz,2026-05-18T10:12:21.944511+00:00
mid_seed22,minority-mid,mid,333,667,0.5,22,1,1.6396788851125166e-05,11.018424987792969,83.68563985824585,/kaggle/working/minority-guidance/results/mid_seed22/samples_1x256x256x3.npz,2026-05-18T10:13:50.912619+00:00
late_seed22,minority-late,late,667,1000,0.5,22,1,5.089839032734744e-05,9.885679244995117,83.01590132713318,/kaggle/working/minority-guidance/results/late_seed22/samples_1x256x256x3.npz,2026-05-18T10:15:18.983626+00:00
baseline_seed23,baseline,none,0,0,0.0,23,1,1.9501803762977943e-06,13.147588729858398,75.84093809127808,/kaggle/working/minority-guidance/results/baseline_seed23/samples_1x256x256x3.npz,2026-05-18T10:16:39.895507+00:00
full_seed23,minority-full,full,0,1000,0.5,23,1,5.154353402758716e-06,12.175668716430664,94.70877075195312,/kaggle/working/minority-guidance/results/full_seed23/samples_1x256x256x3.npz,2026-05-18T10:18:19.625228+00:00
early_seed23,minority-early,early,0,333,0.5,23,1,2.037993908743374e-06,13.103544235229492,82.39782929420471,/kaggle/working/minority-guidance/results/early_seed23/samples_1x256x256x3.npz,2026-05-18T10:19:47.111878+00:00
mid_seed23,minority-mid,mid,333,667,0.5,23,1,2.0868480987701332e-06,13.079855918884277,82.68871355056763,/kaggle/working/minority-guidance/results/mid_seed23/samples_1x256x256x3.npz,2026-05-18T10:21:14.831123+00:00
late_seed23,minority-late,late,667,1000,0.5,23,1,3.2530324460822158e-06,12.635923385620117,82.31445717811584,/kaggle/working/minority-guidance/results/late_seed23/samples_1x256x256x3.npz,2026-05-18T10:22:42.402825+00:00
baseline_seed24,baseline,none,0,0,0.0,24,1,3.6013578210258856e-05,10.23161506652832,75.9803695678711,/kaggle/working/minority-guidance/results/baseline_seed24/samples_1x256x256x3.npz,2026-05-18T10:24:03.496691+00:00
full_seed24,minority-full,full,0,1000,0.5,24,1,0.17730335891246796,1.7298932075500488,94.96993947029114,/kaggle/working/minority-guidance/results/full_seed24/samples_1x256x256x3.npz,2026-05-18T10:25:43.585842+00:00
early_seed24,minority-early,early,0,333,0.5,24,1,0.00011064200225519016,9.109210968017578,82.79084777832031,/kaggle/working/minority-guidance/results/early_seed24/samples_1x256x256x3.npz,2026-05-18T10:27:11.446475+00:00
mid_seed24,minority-mid,mid,333,667,0.5,24,1,0.00011659960728138685,9.056764602661133,83.09947180747986,/kaggle/working/minority-guidance/results/mid_seed24/samples_1x256x256x3.npz,2026-05-18T10:28:39.736465+00:00
late_seed24,minority-late,late,667,1000,0.5,24,1,1.1190882105438504e-05,11.400411605834961,82.39768266677856,/kaggle/working/minority-guidance/results/late_seed24/samples_1x256x256x3.npz,2026-05-18T10:30:07.167416+00:00
baseline_seed25,baseline,none,0,0,0.0,25,1,6.952058356546331e-06,11.876472473144531,75.52799010276794,/kaggle/working/minority-guidance/results/baseline_seed25/samples_1x256x256x3.npz,2026-05-18T10:31:27.756698+00:00
full_seed25,minority-full,full,0,1000,0.5,25,1,9.129241334449034e-06,11.60402774810791,94.05172562599182,/kaggle/working/minority-guidance/results/full_seed25/samples_1x256x256x3.npz,2026-05-18T10:33:06.760454+00:00
early_seed25,minority-early,early,0,333,0.5,25,1,7.532508789154235e-06,11.796282768249512,82.4165370464325,/kaggle/working/minority-guidance/results/early_seed25/samples_1x256x256x3.npz,2026-05-18T10:34:34.187798+00:00
mid_seed25,minority-mid,mid,333,667,0.5,25,1,6.691313501505647e-06,11.914700508117676,82.0156135559082,/kaggle/working/minority-guidance/results/mid_seed25/samples_1x256x256x3.npz,2026-05-18T10:36:01.171071+00:00
late_seed25,minority-late,late,667,1000,0.5,25,1,6.77636353429989e-06,11.902070045471191,82.33711457252502,/kaggle/working/minority-guidance/results/late_seed25/samples_1x256x256x3.npz,2026-05-18T10:37:28.344237+00:00
baseline_seed26,baseline,none,0,0,0.0,26,1,5.763985768680868e-07,14.366466522216797,75.12898397445679,/kaggle/working/minority-guidance/results/baseline_seed26/samples_1x256x256x3.npz,2026-05-18T10:38:48.437458+00:00
full_seed26,minority-full,full,0,1000,0.5,26,1,5.1279553190397564e-06,12.180803298950195,93.78077387809753,/kaggle/working/minority-guidance/results/full_seed26/samples_1x256x256x3.npz,2026-05-18T10:40:27.125310+00:00
early_seed26,minority-early,early,0,333,0.5,26,1,6.16069485204207e-07,14.299905776977539,81.795419216156,/kaggle/working/minority-guidance/results/early_seed26/samples_1x256x256x3.npz,2026-05-18T10:41:53.816336+00:00
mid_seed26,minority-mid,mid,333,667,0.5,26,1,4.777451181325887e-07,14.55418872833252,81.86606335639954,/kaggle/working/minority-guidance/results/mid_seed26/samples_1x256x256x3.npz,2026-05-18T10:43:20.513494+00:00
late_seed26,minority-late,late,667,1000,0.5,26,1,9.142786439042538e-08,16.20771598815918,81.72321772575378,/kaggle/working/minority-guidance/results/late_seed26/samples_1x256x256x3.npz,2026-05-18T10:44:47.146474+00:00
baseline_seed27,baseline,none,0,0,0.0,27,1,4.201129195280373e-05,10.077571868896484,75.16681051254272,/kaggle/working/minority-guidance/results/baseline_seed27/samples_1x256x256x3.npz,2026-05-18T10:46:07.233107+00:00
full_seed27,minority-full,full,0,1000,0.5,27,1,0.0007027200190350413,7.260551929473877,93.60803461074829,/kaggle/working/minority-guidance/results/full_seed27/samples_1x256x256x3.npz,2026-05-18T10:47:45.797364+00:00
early_seed27,minority-early,early,0,333,0.5,27,1,0.00013140009832568467,8.937263488769531,81.90819954872131,/kaggle/working/minority-guidance/results/early_seed27/samples_1x256x256x3.npz,2026-05-18T10:49:12.465692+00:00
mid_seed27,minority-mid,mid,333,667,0.5,27,1,0.0003052003448829055,8.094541549682617,81.70414733886719,/kaggle/working/minority-guidance/results/mid_seed27/samples_1x256x256x3.npz,2026-05-18T10:50:39.133867+00:00
late_seed27,minority-late,late,667,1000,0.5,27,1,3.8462054362753406e-05,10.165838241577148,81.86636018753052,/kaggle/working/minority-guidance/results/late_seed27/samples_1x256x256x3.npz,2026-05-18T10:52:05.844341+00:00
baseline_seed28,baseline,none,0,0,0.0,28,1,6.572658458026126e-05,9.630006790161133,74.92186951637268,/kaggle/working/minority-guidance/results/baseline_seed28/samples_1x256x256x3.npz,2026-05-18T10:53:25.620827+00:00
full_seed28,minority-full,full,0,1000,0.5,28,1,0.00030150701059028506,8.106717109680176,93.70065879821777,/kaggle/working/minority-guidance/results/full_seed28/samples_1x256x256x3.npz,2026-05-18T10:55:04.230459+00:00
early_seed28,minority-early,early,0,333,0.5,28,1,6.841240247013047e-05,9.589956283569336,81.43867754936218,/kaggle/working/minority-guidance/results/early_seed28/samples_1x256x256x3.npz,2026-05-18T10:56:30.480644+00:00
mid_seed28,minority-mid,mid,333,667,0.5,28,1,7.841298793209717e-05,9.453520774841309,81.93964958190918,/kaggle/working/minority-guidance/results/mid_seed28/samples_1x256x256x3.npz,2026-05-18T10:57:57.294473+00:00
late_seed28,minority-late,late,667,1000,0.5,28,1,0.000163033910212107,8.721551895141602,81.63513469696045,/kaggle/working/minority-guidance/results/late_seed28/samples_1x256x256x3.npz,2026-05-18T10:59:23.772775+00:00
baseline_seed29,baseline,none,0,0,0.0,29,1,2.701978519326076e-05,10.518940925598145,75.31816029548645,/kaggle/working/minority-guidance/results/baseline_seed29/samples_1x256x256x3.npz,2026-05-18T11:00:44.014609+00:00
full_seed29,minority-full,full,0,1000,0.5,29,1,0.020684054121375084,3.878392219543457,93.75518226623535,/kaggle/working/minority-guidance/results/full_seed29/samples_1x256x256x3.npz,2026-05-18T11:02:22.690217+00:00
early_seed29,minority-early,early,0,333,0.5,29,1,3.8684680475853384e-05,10.160066604614258,81.76702928543091,/kaggle/working/minority-guidance/results/early_seed29/samples_1x256x256x3.npz,2026-05-18T11:03:49.351103+00:00
mid_seed29,minority-mid,mid,333,667,0.5,29,1,3.161847416777164e-05,10.36176872253418,82.1386513710022,/kaggle/working/minority-guidance/results/mid_seed29/samples_1x256x256x3.npz,2026-05-18T11:05:16.384623+00:00
late_seed29,minority-late,late,667,1000,0.5,29,1,0.00019721686840057373,8.531206130981445,81.83899283409119,/kaggle/working/minority-guidance/results/late_seed29/samples_1x256x256x3.npz,2026-05-18T11:06:43.138416+00:00
baseline_seed30,baseline,none,0,0,0.0,30,1,2.5229661332559772e-05,10.58749008178711,75.26284122467041,/kaggle/working/minority-guidance/results/baseline_seed30/samples_1x256x256x3.npz,2026-05-18T11:08:03.246611+00:00
full_seed30,minority-full,full,0,1000,0.5,30,1,0.00018231790454592556,8.609758377075195,93.54357099533081,/kaggle/working/minority-guidance/results/full_seed30/samples_1x256x256x3.npz,2026-05-18T11:09:41.694430+00:00
early_seed30,minority-early,early,0,333,0.5,30,1,5.3216594096738845e-05,9.841140747070312,81.90982842445374,/kaggle/working/minority-guidance/results/early_seed30/samples_1x256x256x3.npz,2026-05-18T11:11:08.520865+00:00
mid_seed30,minority-mid,mid,333,667,0.5,30,1,0.0007686562021262944,7.170866966247559,82.03426909446716,/kaggle/working/minority-guidance/results/mid_seed30/samples_1x256x256x3.npz,2026-05-18T11:12:35.536760+00:00
late_seed30,minority-late,late,667,1000,0.5,30,1,4.1356866859132424e-05,10.09327220916748,81.93523812294006,/kaggle/working/minority-guidance/results/late_seed30/samples_1x256x256x3.npz,2026-05-18T11:14:02.377845+00:00
baseline_seed31,baseline,none,0,0,0.0,31,1,5.6908061196736526e-06,12.076658248901367,75.07819437980652,/kaggle/working/minority-guidance/results/baseline_seed31/samples_1x256x256x3.npz,2026-05-18T11:15:22.371575+00:00
full_seed31,minority-full,full,0,1000,0.5,31,1,0.008541454561054707,4.762824058532715,93.71381855010986,/kaggle/working/minority-guidance/results/full_seed31/samples_1x256x256x3.npz,2026-05-18T11:17:00.991727+00:00
early_seed31,minority-early,early,0,333,0.5,31,1,6.115583801147295e-06,12.004670143127441,82.04199767112732,/kaggle/working/minority-guidance/results/early_seed31/samples_1x256x256x3.npz,2026-05-18T11:18:28.040771+00:00
mid_seed31,minority-mid,mid,333,667,0.5,31,1,6.445868621085538e-06,11.952071189880371,81.92300724983215,/kaggle/working/minority-guidance/results/mid_seed31/samples_1x256x256x3.npz,2026-05-18T11:19:54.946061+00:00
late_seed31,minority-late,late,667,1000,0.5,31,1,0.0014838901115581393,6.513088226318359,81.93528318405151,/kaggle/working/minority-guidance/results/late_seed31/samples_1x256x256x3.npz,2026-05-18T11:21:21.767871+00:00
baseline_seed32,baseline,none,0,0,0.0,32,1,5.968559344182722e-05,9.726419448852539,75.47827291488647,/kaggle/working/minority-guidance/results/baseline_seed32/samples_1x256x256x3.npz,2026-05-18T11:22:42.306039+00:00
full_seed32,minority-full,full,0,1000,0.5,32,1,7.993167855602223e-06,11.736923217773438,93.9838936328888,/kaggle/working/minority-guidance/results/full_seed32/samples_1x256x256x3.npz,2026-05-18T11:24:21.176971+00:00
early_seed32,minority-early,early,0,333,0.5,32,1,7.212324999272823e-05,9.537134170532227,81.83066415786743,/kaggle/working/minority-guidance/results/early_seed32/samples_1x256x256x3.npz,2026-05-18T11:25:47.984314+00:00
mid_seed32,minority-mid,mid,333,667,0.5,32,1,3.7643541872967035e-05,10.187349319458008,82.09335160255432,/kaggle/working/minority-guidance/results/mid_seed32/samples_1x256x256x3.npz,2026-05-18T11:27:15.008138+00:00
late_seed32,minority-late,late,667,1000,0.5,32,1,3.1029555884742877e-06,12.683155059814453,82.14828705787659,/kaggle/working/minority-guidance/results/late_seed32/samples_1x256x256x3.npz,2026-05-18T11:28:42.070377+00:00
baseline_seed33,baseline,none,0,0,0.0,33,1,2.2821508537163027e-05,10.687807083129883,75.06456875801086,/kaggle/working/minority-guidance/results/baseline_seed33/samples_1x256x256x3.npz,2026-05-18T11:30:02.027304+00:00
full_seed33,minority-full,full,0,1000,0.5,33,1,3.425513568799943e-05,10.2816743850708,93.80439591407776,/kaggle/working/minority-guidance/results/full_seed33/samples_1x256x256x3.npz,2026-05-18T11:31:40.785873+00:00
early_seed33,minority-early,early,0,333,0.5,33,1,2.334842247364577e-05,10.6649808883667,81.97772932052612,/kaggle/working/minority-guidance/results/early_seed33/samples_1x256x256x3.npz,2026-05-18T11:33:07.775187+00:00
mid_seed33,minority-mid,mid,333,667,0.5,33,1,2.2252328562899493e-05,10.713064193725586,81.82962274551392,/kaggle/working/minority-guidance/results/mid_seed33/samples_1x256x256x3.npz,2026-05-18T11:34:34.582399+00:00
late_seed33,minority-late,late,667,1000,0.5,33,1,1.4813921552558895e-05,11.119943618774414,81.7014274597168,/kaggle/working/minority-guidance/results/late_seed33/samples_1x256x256x3.npz,2026-05-18T11:36:01.154403+00:00
baseline_seed34,baseline,none,0,0,0.0,34,1,3.767265297938138e-05,10.186575889587402,75.18034744262695,/kaggle/working/minority-guidance/results/baseline_seed34/samples_1x256x256x3.npz,2026-05-18T11:37:21.253486+00:00
full_seed34,minority-full,full,0,1000,0.5,34,1,0.00010727522021625191,9.14011287689209,93.63360166549683,/kaggle/working/minority-guidance/results/full_seed34/samples_1x256x256x3.npz,2026-05-18T11:38:59.773811+00:00
early_seed34,minority-early,early,0,333,0.5,34,1,4.120712401345372e-05,10.096899032592773,81.53475141525269,/kaggle/working/minority-guidance/results/early_seed34/samples_1x256x256x3.npz,2026-05-18T11:40:26.201609+00:00
mid_seed34,minority-mid,mid,333,667,0.5,34,1,7.728477066848427e-05,9.468013763427734,81.649649143219,/kaggle/working/minority-guidance/results/mid_seed34/samples_1x256x256x3.npz,2026-05-18T11:41:52.811338+00:00
late_seed34,minority-late,late,667,1000,0.5,34,1,4.857614476350136e-05,9.932377815246582,81.67952418327332,/kaggle/working/minority-guidance/results/late_seed34/samples_1x256x256x3.npz,2026-05-18T11:43:19.394363+00:00
baseline_seed35,baseline,none,0,0,0.0,35,1,2.883884064885933e-07,15.058958053588867,75.09130072593689,/kaggle/working/minority-guidance/results/baseline_seed35/samples_1x256x256x3.npz,2026-05-18T11:44:39.402347+00:00
full_seed35,minority-full,full,0,1000,0.5,35,1,6.61064973428438e-07,14.229413986206055,93.76216006278992,/kaggle/working/minority-guidance/results/full_seed35/samples_1x256x256x3.npz,2026-05-18T11:46:18.113418+00:00
early_seed35,minority-early,early,0,333,0.5,35,1,3.3413181199648534e-07,14.91172981262207,82.06807899475098,/kaggle/working/minority-guidance/results/early_seed35/samples_1x256x256x3.npz,2026-05-18T11:47:45.098908+00:00
mid_seed35,minority-mid,mid,333,667,0.5,35,1,4.2543732092781283e-07,14.670147895812988,81.92026782035828,/kaggle/working/minority-guidance/results/mid_seed35/samples_1x256x256x3.npz,2026-05-18T11:49:11.955124+00:00
late_seed35,minority-late,late,667,1000,0.5,35,1,3.5291245126245485e-07,14.857046127319336,81.94963788986206,/kaggle/working/minority-guidance/results/late_seed35/samples_1x256x256x3.npz,2026-05-18T11:50:38.821593+00:00
baseline_seed36,baseline,none,0,0,0.0,36,1,4.509114205575315e-06,12.309410095214844,75.35004734992981,/kaggle/working/minority-guidance/results/baseline_seed36/samples_1x256x256x3.npz,2026-05-18T11:51:59.057042+00:00
full_seed36,minority-full,full,0,1000,0.5,36,1,2.3516947749158135e-06,12.96037483215332,93.79387927055359,/kaggle/working/minority-guidance/results/full_seed36/samples_1x256x256x3.npz,2026-05-18T11:53:37.784377+00:00
early_seed36,minority-early,early,0,333,0.5,36,1,4.6709965317859314e-06,12.274138450622559,82.58928298950195,/kaggle/working/minority-guidance/results/early_seed36/samples_1x256x256x3.npz,2026-05-18T11:55:05.338823+00:00
mid_seed36,minority-mid,mid,333,667,0.5,36,1,4.744781563204015e-06,12.258464813232422,82.52704858779907,/kaggle/working/minority-guidance/results/mid_seed36/samples_1x256x256x3.npz,2026-05-18T11:56:33.151807+00:00
late_seed36,minority-late,late,667,1000,0.5,36,1,2.38194661505986e-06,12.947592735290527,83.82027912139893,/kaggle/working/minority-guidance/results/late_seed36/samples_1x256x256x3.npz,2026-05-18T11:58:02.153501+00:00
baseline_seed37,baseline,none,0,0,0.0,37,1,7.306370662263362e-06,11.826764106750488,76.31507062911987,/kaggle/working/minority-guidance/results/baseline_seed37/samples_1x256x256x3.npz,2026-05-18T11:59:23.624638+00:00
full_seed37,minority-full,full,0,1000,0.5,37,1,7.946387086121831e-06,11.742793083190918,95.45471978187561,/kaggle/working/minority-guidance/results/full_seed37/samples_1x256x256x3.npz,2026-05-18T12:01:04.195714+00:00
early_seed37,minority-early,early,0,333,0.5,37,1,8.633010111225303e-06,11.659917831420898,82.31465530395508,/kaggle/working/minority-guidance/results/early_seed37/samples_1x256x256x3.npz,2026-05-18T12:02:31.527864+00:00
mid_seed37,minority-mid,mid,333,667,0.5,37,1,9.615672752261162e-06,11.552116394042969,82.34672021865845,/kaggle/working/minority-guidance/results/mid_seed37/samples_1x256x256x3.npz,2026-05-18T12:03:59.000665+00:00
late_seed37,minority-late,late,667,1000,0.5,37,1,4.285019258531975e-06,12.36038589477539,82.10977435112,/kaggle/working/minority-guidance/results/late_seed37/samples_1x256x256x3.npz,2026-05-18T12:05:26.129297+00:00
baseline_seed38,baseline,none,0,0,0.0,38,1,9.208253686665557e-06,11.595410346984863,75.51192450523376,/kaggle/working/minority-guidance/results/baseline_seed38/samples_1x256x256x3.npz,2026-05-18T12:06:46.577524+00:00
full_seed38,minority-full,full,0,1000,0.5,38,1,9.571256214258028e-07,13.859331130981445,94.23916983604431,/kaggle/working/minority-guidance/results/full_seed38/samples_1x256x256x3.npz,2026-05-18T12:08:25.860596+00:00
early_seed38,minority-early,early,0,333,0.5,38,1,9.448713171877898e-06,11.569631576538086,82.3880205154419,/kaggle/working/minority-guidance/results/early_seed38/samples_1x256x256x3.npz,2026-05-18T12:09:53.665703+00:00
mid_seed38,minority-mid,mid,333,667,0.5,38,1,9.300284546043258e-06,11.585465431213379,84.18188762664795,/kaggle/working/minority-guidance/results/mid_seed38/samples_1x256x256x3.npz,2026-05-18T12:11:23.230885+00:00
late_seed38,minority-late,late,667,1000,0.5,38,1,7.280801810338744e-07,14.132854461669922,84.18599581718445,/kaggle/working/minority-guidance/results/late_seed38/samples_1x256x256x3.npz,2026-05-18T12:12:52.847400+00:00
baseline_seed39,baseline,none,0,0,0.0,39,1,2.1393195765995188e-06,13.055023193359375,76.88676619529724,/kaggle/working/minority-guidance/results/baseline_seed39/samples_1x256x256x3.npz,2026-05-18T12:14:15.299401+00:00
full_seed39,minority-full,full,0,1000,0.5,39,1,2.1117411961313337e-06,13.067997932434082,96.78483557701111,/kaggle/working/minority-guidance/results/full_seed39/samples_1x256x256x3.npz,2026-05-18T12:15:57.775598+00:00
early_seed39,minority-early,early,0,333,0.5,39,1,2.2893291315995157e-06,12.987251281738281,84.04102182388306,/kaggle/working/minority-guidance/results/early_seed39/samples_1x256x256x3.npz,2026-05-18T12:17:27.303762+00:00
mid_seed39,minority-mid,mid,333,667,0.5,39,1,1.3776166269963142e-06,13.495155334472656,84.04540657997131,/kaggle/working/minority-guidance/results/mid_seed39/samples_1x256x256x3.npz,2026-05-18T12:18:56.675508+00:00
late_seed39,minority-late,late,667,1000,0.5,39,1,2.4605399175925413e-06,12.915129661560059,83.85028123855591,/kaggle/working/minority-guidance/results/late_seed39/samples_1x256x256x3.npz,2026-05-18T12:20:26.023754+00:00
baseline_seed40,baseline,none,0,0,0.0,40,1,1.426732296749833e-06,13.460124015808105,76.935067653656,/kaggle/working/minority-guidance/results/baseline_seed40/samples_1x256x256x3.npz,2026-05-18T12:21:48.381356+00:00
full_seed40,minority-full,full,0,1000,0.5,40,1,0.005630573723465204,5.179543972015381,96.18466901779175,/kaggle/working/minority-guidance/results/full_seed40/samples_1x256x256x3.npz,2026-05-18T12:23:30.053397+00:00
early_seed40,minority-early,early,0,333,0.5,40,1,1.7317968286079122e-06,13.266350746154785,83.9480254650116,/kaggle/working/minority-guidance/results/early_seed40/samples_1x256x256x3.npz,2026-05-18T12:24:59.452205+00:00
mid_seed40,minority-mid,mid,333,667,0.5,40,1,2.5048391307791462e-06,12.897286415100098,84.09921622276306,/kaggle/working/minority-guidance/results/mid_seed40/samples_1x256x256x3.npz,2026-05-18T12:26:28.984731+00:00
late_seed40,minority-late,late,667,1000,0.5,40,1,0.0002522396098356694,8.285131454467773,83.54858326911926,/kaggle/working/minority-guidance/results/late_seed40/samples_1x256x256x3.npz,2026-05-18T12:27:57.898977+00:00
baseline_seed41,baseline,none,0,0,0.0,41,1,4.8054440412670374e-05,9.94317626953125,76.53444409370422,/kaggle/working/minority-guidance/results/baseline_seed41/samples_1x256x256x3.npz,2026-05-18T12:29:19.782699+00:00
full_seed41,minority-full,full,0,1000,0.5,41,1,2.1509002181119286e-05,10.747038841247559,96.13393640518188,/kaggle/working/minority-guidance/results/full_seed41/samples_1x256x256x3.npz,2026-05-18T12:31:01.531395+00:00
early_seed41,minority-early,early,0,333,0.5,41,1,5.163438254385255e-05,9.871322631835938,84.37028789520264,/kaggle/working/minority-guidance/results/early_seed41/samples_1x256x256x3.npz,2026-05-18T12:32:31.558340+00:00
mid_seed41,minority-mid,mid,333,667,0.5,41,1,5.739799598813988e-05,9.765501022338867,84.92771196365356,/kaggle/working/minority-guidance/results/mid_seed41/samples_1x256x256x3.npz,2026-05-18T12:34:01.995571+00:00
late_seed41,minority-late,late,667,1000,0.5,41,1,4.136262577958405e-05,10.093132972717285,83.9803249835968,/kaggle/working/minority-guidance/results/late_seed41/samples_1x256x256x3.npz,2026-05-18T12:35:31.514746+00:00
baseline_seed42,baseline,none,0,0,0.0,42,1,3.2155728604266187e-06,12.647504806518555,77.1927981376648,/kaggle/working/minority-guidance/results/baseline_seed42/samples_1x256x256x3.npz,2026-05-18T12:36:54.513101+00:00
full_seed42,minority-full,full,0,1000,0.5,42,1,0.00024829801986925304,8.300880432128906,98.184494972229,/kaggle/working/minority-guidance/results/full_seed42/samples_1x256x256x3.npz,2026-05-18T12:38:38.459550+00:00
early_seed42,minority-early,early,0,333,0.5,42,1,4.651362814911408e-06,12.278350830078125,85.10884642601013,/kaggle/working/minority-guidance/results/early_seed42/samples_1x256x256x3.npz,2026-05-18T12:40:09.379138+00:00
mid_seed42,minority-mid,mid,333,667,0.5,42,1,3.338001761221676e-06,12.610137939453125,84.6931779384613,/kaggle/working/minority-guidance/results/mid_seed42/samples_1x256x256x3.npz,2026-05-18T12:41:39.696410+00:00
late_seed42,minority-late,late,667,1000,0.5,42,1,4.1287879867013544e-05,10.094942092895508,84.64596104621887,/kaggle/working/minority-guidance/results/late_seed42/samples_1x256x256x3.npz,2026-05-18T12:43:10.117358+00:00
baseline_seed43,baseline,none,0,0,0.0,43,1,5.161556600796757e-06,12.174272537231445,77.33226418495178,/kaggle/working/minority-guidance/results/baseline_seed43/samples_1x256x256x3.npz,2026-05-18T12:44:33.292388+00:00
full_seed43,minority-full,full,0,1000,0.5,43,1,0.0014717662706971169,6.521291732788086,97.91430735588074,/kaggle/working/minority-guidance/results/full_seed43/samples_1x256x256x3.npz,2026-05-18T12:46:17.013743+00:00
early_seed43,minority-early,early,0,333,0.5,43,1,1.0442669918120373e-05,11.469610214233398,85.13354325294495,/kaggle/working/minority-guidance/results/early_seed43/samples_1x256x256x3.npz,2026-05-18T12:47:48.033980+00:00
mid_seed43,minority-mid,mid,333,667,0.5,43,1,0.00011941349657718092,9.032918930053711,85.29613471031189,/kaggle/working/minority-guidance/results/mid_seed43/samples_1x256x256x3.npz,2026-05-18T12:49:19.196435+00:00
late_seed43,minority-late,late,667,1000,0.5,43,1,1.9505625459714793e-05,10.844807624816895,85.10474872589111,/kaggle/working/minority-guidance/results/late_seed43/samples_1x256x256x3.npz,2026-05-18T12:50:50.302005+00:00
baseline_seed44,baseline,none,0,0,0.0,44,1,1.6373749076592503e-06,13.322416305541992,78.63970112800598,/kaggle/working/minority-guidance/results/baseline_seed44/samples_1x256x256x3.npz,2026-05-18T12:52:15.033474+00:00
full_seed44,minority-full,full,0,1000,0.5,44,1,6.65548157030571e-07,14.222654342651367,99.43317985534668,/kaggle/working/minority-guidance/results/full_seed44/samples_1x256x256x3.npz,2026-05-18T12:54:00.459542+00:00
early_seed44,minority-early,early,0,333,0.5,44,1,1.9390922716411296e-06,13.153290748596191,86.11125659942627,/kaggle/working/minority-guidance/results/early_seed44/samples_1x256x256x3.npz,2026-05-18T12:55:32.712400+00:00
mid_seed44,minority-mid,mid,333,667,0.5,44,1,2.963759925478371e-06,12.72905158996582,86.45190572738647,/kaggle/working/minority-guidance/results/mid_seed44/samples_1x256x256x3.npz,2026-05-18T12:57:05.281961+00:00
late_seed44,minority-late,late,667,1000,0.5,44,1,4.310678889396513e-07,14.656999588012695,86.01563429832458,/kaggle/working/minority-guidance/results/late_seed44/samples_1x256x256x3.npz,2026-05-18T12:58:37.216193+00:00
baseline_seed45,baseline,none,0,0,0.0,45,1,7.280294084921479e-06,11.830339431762695,77.97129940986633,/kaggle/working/minority-guidance/results/baseline_seed45/samples_1x256x256x3.npz,2026-05-18T13:00:01.140048+00:00
full_seed45,minority-full,full,0,1000,0.5,45,1,9.159991896012798e-05,9.298080444335938,98.92252969741821,/kaggle/working/minority-guidance/results/full_seed45/samples_1x256x256x3.npz,2026-05-18T13:01:45.978315+00:00
early_seed45,minority-early,early,0,333,0.5,45,1,1.1820696272479836e-05,11.345659255981445,85.06016302108765,/kaggle/working/minority-guidance/results/early_seed45/samples_1x256x256x3.npz,2026-05-18T13:03:16.883372+00:00
mid_seed45,minority-mid,mid,333,667,0.5,45,1,2.2140087821753696e-05,10.718120574951172,85.51589846611023,/kaggle/working/minority-guidance/results/mid_seed45/samples_1x256x256x3.npz,2026-05-18T13:04:48.362047+00:00
late_seed45,minority-late,late,667,1000,0.5,45,1,3.703550100908615e-05,10.203633308410645,85.57593774795532,/kaggle/working/minority-guidance/results/late_seed45/samples_1x256x256x3.npz,2026-05-18T13:06:19.747336+00:00
baseline_seed46,baseline,none,0,0,0.0,46,1,1.9316395992063917e-05,10.8545560836792,78.26494979858398,/kaggle/working/minority-guidance/results/baseline_seed46/samples_1x256x256x3.npz,2026-05-18T13:07:43.842409+00:00
full_seed46,minority-full,full,0,1000,0.5,46,1,5.213793338043615e-05,9.861618041992188,97.75570631027222,/kaggle/working/minority-guidance/results/full_seed46/samples_1x256x256x3.npz,2026-05-18T13:09:27.292398+00:00
early_seed46,minority-early,early,0,333,0.5,46,1,2.3744367354083806e-05,10.648164749145508,84.56400918960571,/kaggle/working/minority-guidance/results/early_seed46/samples_1x256x256x3.npz,2026-05-18T13:10:57.609659+00:00
mid_seed46,minority-mid,mid,333,667,0.5,46,1,2.9951650503790006e-05,10.415925979614258,84.80013656616211,/kaggle/working/minority-guidance/results/mid_seed46/samples_1x256x256x3.npz,2026-05-18T13:12:28.301992+00:00
late_seed46,minority-late,late,667,1000,0.5,46,1,2.7313830287312157e-05,10.50811767578125,84.64903736114502,/kaggle/working/minority-guidance/results/late_seed46/samples_1x256x256x3.npz,2026-05-18T13:13:58.691348+00:00
baseline_seed47,baseline,none,0,0,0.0,47,1,2.832755967574485e-07,15.076845169067383,77.51648259162903,/kaggle/working/minority-guidance/results/baseline_seed47/samples_1x256x256x3.npz,2026-05-18T13:15:22.018447+00:00
full_seed47,minority-full,full,0,1000,0.5,47,1,0.0001731120137264952,8.661571502685547,97.85916209220886,/kaggle/working/minority-guidance/results/full_seed47/samples_1x256x256x3.npz,2026-05-18T13:17:05.713137+00:00
early_seed47,minority-early,early,0,333,0.5,47,1,3.189672383996367e-07,14.95817756652832,84.61115598678589,/kaggle/working/minority-guidance/results/early_seed47/samples_1x256x256x3.npz,2026-05-18T13:18:36.044314+00:00
mid_seed47,minority-mid,mid,333,667,0.5,47,1,3.477125574136153e-05,10.266719818115234,84.6143970489502,/kaggle/working/minority-guidance/results/mid_seed47/samples_1x256x256x3.npz,2026-05-18T13:20:06.415380+00:00
late_seed47,minority-late,late,667,1000,0.5,47,1,3.19840438578467e-07,14.955443382263184,84.45368933677673,/kaggle/working/minority-guidance/results/late_seed47/samples_1x256x256x3.npz,2026-05-18T13:21:36.635454+00:00
baseline_seed48,baseline,none,0,0,0.0,48,1,1.095373954740353e-05,11.421829223632812,77.18830800056458,/kaggle/working/minority-guidance/results/baseline_seed48/samples_1x256x256x3.npz,2026-05-18T13:22:59.624003+00:00
full_seed48,minority-full,full,0,1000,0.5,48,1,0.00029561470728367567,8.126453399658203,98.00569987297058,/kaggle/working/minority-guidance/results/full_seed48/samples_1x256x256x3.npz,2026-05-18T13:24:43.471325+00:00
early_seed48,minority-early,early,0,333,0.5,48,1,1.795245407265611e-05,10.927783966064453,84.81173610687256,/kaggle/working/minority-guidance/results/early_seed48/samples_1x256x256x3.npz,2026-05-18T13:26:13.965024+00:00
mid_seed48,minority-mid,mid,333,667,0.5,48,1,2.2086265744292177e-05,10.72055435180664,84.55335903167725,/kaggle/working/minority-guidance/results/mid_seed48/samples_1x256x256x3.npz,2026-05-18T13:27:44.235263+00:00
late_seed48,minority-late,late,667,1000,0.5,48,1,1.232088470715098e-05,11.304214477539062,84.40937614440918,/kaggle/working/minority-guidance/results/late_seed48/samples_1x256x256x3.npz,2026-05-18T13:29:14.366924+00:00
baseline_seed49,baseline,none,0,0,0.0,49,1,0.00015282296226359904,8.786230087280273,77.52997350692749,/kaggle/working/minority-guidance/results/baseline_seed49/samples_1x256x256x3.npz,2026-05-18T13:30:37.761980+00:00
full_seed49,minority-full,full,0,1000,0.5,49,1,0.0007539656362496316,7.190163612365723,98.43175792694092,/kaggle/working/minority-guidance/results/full_seed49/samples_1x256x256x3.npz,2026-05-18T13:32:21.983289+00:00
early_seed49,minority-early,early,0,333,0.5,49,1,0.0002098841650877148,8.468955039978027,84.77207708358765,/kaggle/working/minority-guidance/results/early_seed49/samples_1x256x256x3.npz,2026-05-18T13:33:52.542885+00:00
mid_seed49,minority-mid,mid,333,667,0.5,49,1,0.0007717540138401091,7.166844844818115,84.83506155014038,/kaggle/working/minority-guidance/results/mid_seed49/samples_1x256x256x3.npz,2026-05-18T13:35:23.064386+00:00
late_seed49,minority-late,late,667,1000,0.5,49,1,0.00010696575918700546,9.143001556396484,85.09290432929993,/kaggle/working/minority-guidance/results/late_seed49/samples_1x256x256x3.npz,2026-05-18T13:36:53.868802+00:00
baseline_seed50,baseline,none,0,0,0.0,50,1,7.2107768573914655e-06,11.839933395385742,77.40303087234497,/kaggle/working/minority-guidance/results/baseline_seed50/samples_1x256x256x3.npz,2026-05-18T13:38:16.995239+00:00
full_seed50,minority-full,full,0,1000,0.5,50,1,0.0002344085805816576,8.358445167541504,97.87195873260498,/kaggle/working/minority-guidance/results/full_seed50/samples_1x256x256x3.npz,2026-05-18T13:40:00.640307+00:00
early_seed50,minority-early,early,0,333,0.5,50,1,1.9403121768846177e-05,10.850076675415039,84.73757410049438,/kaggle/working/minority-guidance/results/early_seed50/samples_1x256x256x3.npz,2026-05-18T13:41:31.093585+00:00
mid_seed50,minority-mid,mid,333,667,0.5,50,1,2.8867871151305735e-05,10.452781677246094,85.18283772468567,/kaggle/working/minority-guidance/results/mid_seed50/samples_1x256x256x3.npz,2026-05-18T13:43:02.146242+00:00
late_seed50,minority-late,late,667,1000,0.5,50,1,1.4912194274074864e-05,11.113330841064453,84.95065569877625,/kaggle/working/minority-guidance/results/late_seed50/samples_1x256x256x3.npz,2026-05-18T13:44:33.036039+00:00
